Pokedex,Name,Height,Weight,Primary Type,Secondary Type,Male Ratio,Female Ratio,Base Happiness,Region of Origin,Health Stat,Attack Stat,Defense Stat,Special Attack Stat,Special Defense Stat,Speed Stat,Base Stat Total,Catch Rate,Primary Egg Group,Secondary Egg Group
3,Venusaur,2,100,Grass,Poison,87.5,12.5,70,Kanto,80,82,83,100,100,80,525,45,Monster,Grass
3,Venusaur-Mega,2.4,155.5,Grass,Poison,87.5,12.5,70,Kalos,80,100,123,122,120,80,625,45,Monster,Grass
6,Charizard,1.7,90.5,Fire,Flying,87.5,12.5,70,Kanto,78,84,78,109,85,100,534,45,Monster,Dragon
6,Charizard-Mega X,1.7,110.5,Fire,Dragon,87.5,12.5,70,Kalos,78,130,111,130,85,100,634,45,Monster,Dragon
6,Charizard-Mega Y,1.7,100.5,Fire,Flying,87.5,12.5,70,Kalos,78,104,78,159,115,100,634,45,Monster,Dragon
9,Blastoise,1.6,85.5,Water,,87.5,12.5,70,Kanto,79,83,100,85,105,78,530,45,Monster,Water 1
9,Blastoise-Mega,1.6,101.1,Water,,87.5,12.5,70,Kalos,79,103,120,135,115,78,630,45,Monster,Water 1
12,Butterfree,1.1,32,Bug,Flying,50,50,70,Kanto,60,45,50,90,80,70,395,45,Bug,
15,Beedrill,1,29.5,Bug,Poison,50,50,70,Kanto,65,90,40,45,80,75,395,45,Bug,
15,Beedrill-Mega,1.4,40.5,Bug,Poison,50,50,70,Kalos,65,150,40,15,80,145,495,45,Bug,
18,Pidgeot,1.5,39.5,Normal,Flying,50,50,70,Kanto,83,80,75,70,70,101,479,45,Flying,
18,Pidgeot-Mega,2.2,50.5,Normal,Flying,50,50,70,Kalos,83,80,80,135,80,121,579,45,Flying,
20,Raticate,0.7,18.5,Normal,,50,50,70,Kanto,55,81,60,50,70,97,413,127,Field,
20,Raticate-Alola,0.7,25.5,Dark,Normal,50,50,70,Alola,75,71,70,40,80,77,413,127,Field,
22,Fearow,1.2,38,Normal,Flying,50,50,70,Kanto,65,90,65,61,61,100,442,90,Flying,
24,Arbok,3.5,65,Poison,,50,50,70,Kanto,60,95,69,65,79,80,448,90,Field,Dragon
25,Pikachu-Starter,0.4,6,Electric,,50,50,70,Alola,45,80,50,75,60,120,430,190,Field,Fairy
26,Raichu,0.8,30,Electric,,50,50,70,Kanto,60,90,55,90,80,110,485,75,Field,Fairy
26,Raichu-Alola,0.7,21,Electric,Psychic,50,50,70,Alola,60,85,50,95,85,110,485,75,Field,Fairy
28,Sandslash,1,29.5,Ground,,50,50,70,Kanto,75,100,110,45,55,65,450,90,Field,
28,Sandslash-Alola,1.2,55,Ice,Steel,50,50,70,Alola,75,100,120,25,65,65,450,90,Field,
31,Nidoqueen,1.3,60,Poison,Ground,0,100,70,Kanto,90,92,87,75,85,76,505,45,Undiscovered,
34,Nidoking,1.4,62,Poison,Ground,100,0,70,Kanto,81,102,77,85,75,85,505,45,Monster,Field
36,Clefable,1.3,40,Fairy,,25,75,140,Kanto,95,70,73,95,90,60,483,25,Fairy,
38,Ninetales,1.1,19.9,Fire,,25,75,70,Kanto,73,76,75,81,100,100,505,75,Field,
38,Ninetales-Alola,1.1,19.9,Ice,Fairy,25,75,70,Alola,73,67,75,81,100,109,505,75,Field,
40,Wigglytuff,1,12,Normal,Fairy,25,75,70,Kanto,140,70,45,85,50,45,435,50,Fairy,
45,Vileplume,1.2,18.6,Grass,Poison,50,50,70,Kanto,75,80,85,110,90,50,490,45,Grass,
47,Parasect,1,29.5,Bug,Grass,50,50,70,Kanto,60,95,80,60,80,30,405,75,Bug,Grass
49,Venomoth,1.5,12.5,Bug,Poison,50,50,70,Kanto,70,65,60,90,75,90,450,75,Bug,
51,Dugtrio,0.7,33.3,Ground,,50,50,70,Kanto,35,100,50,50,70,120,425,50,Field,
51,Dugtrio-Alola,0.7,66.6,Ground,Steel,50,50,70,Alola,35,100,60,50,70,110,425,50,Field,
53,Persian,1,32,Normal,,50,50,70,Kanto,65,70,60,65,65,115,440,90,Field,
53,Persian-Alola,1.1,33,Dark,,50,50,70,Alola,65,60,60,75,65,115,440,90,Field,
55,Golduck,1.7,76.6,Water,,50,50,70,Kanto,80,82,78,95,80,85,500,75,Water 1,Field
57,Primeape,1,32,Fighting,,50,50,70,Kanto,65,105,60,60,70,95,455,75,Field,
59,Arcanine,1.9,155,Fire,,75,25,70,Kanto,90,110,80,100,80,95,555,75,Field,
62,Poliwrath,1.3,54,Water,Fighting,50,50,70,Kanto,90,95,95,70,90,70,510,45,Water 1,
65,Alakazam,1.5,48,Psychic,,75,25,70,Kanto,55,50,45,135,95,120,500,50,Human-Like,
65,Alakazam-Mega,1.2,48,Psychic,,75,25,70,Kalos,55,50,65,175,105,150,600,50,Human-Like,
68,Machamp,1.6,130,Fighting,,75,25,70,Kanto,90,130,80,65,85,55,505,45,Human-Like,
71,Victreebel,1.7,15.5,Grass,Poison,50,50,70,Kanto,80,105,65,100,70,70,490,45,Grass,
73,Tentacruel,1.6,55,Water,Poison,50,50,70,Kanto,80,70,65,80,120,100,515,60,Water 3,
76,Golem,1.4,300,Rock,Ground,50,50,70,Kanto,80,120,130,55,65,45,495,45,Mineral,
76,Golem-Alola,1.7,316,Rock,Electric,50,50,70,Alola,80,120,130,55,65,45,495,45,Mineral,
78,Rapidash,1.7,95,Fire,,50,50,70,Kanto,65,100,70,80,80,105,500,60,Field,
78,Rapidash-Galar,1.7,80,Psychic,Fairy,50,50,70,Galar,65,100,70,80,80,105,500,60,Field,
80,Slowbro,1.6,78.5,Water,Psychic,50,50,70,Kanto,95,75,110,100,80,30,490,75,Monster,Water 1
80,Slowbro-Mega,2,120,Water,Psychic,50,50,70,Kalos,95,75,180,130,80,30,590,75,Monster,Water 1
83,Farfetch'd,0.8,15,Normal,Flying,50,50,70,Kanto,52,90,55,58,62,60,377,45,Flying,Field
85,Dodrio,1.8,85.2,Normal,Flying,50,50,70,Kanto,60,110,70,60,60,110,470,45,Flying,
87,Dewgong,1.7,120,Water,Ice,50,50,70,Kanto,90,70,80,70,95,70,475,75,Water 1,Field
89,Muk,1.2,30,Poison,,50,50,70,Kanto,105,105,75,65,100,50,500,75,Amorphous,
89,Muk-Alola,1,52,Poison,Dark,50,50,70,Alola,105,105,75,65,100,50,500,75,Amorphous,
91,Cloyster,1.5,132.5,Water,,50,50,70,Kanto,50,95,180,85,45,70,525,60,Water 3,
94,Gengar,1.5,40.5,Ghost,Poison,50,50,70,Kanto,60,65,60,130,75,110,500,45,Amorphous,
94,Gengar-Mega,1.4,40.5,Ghost,Poison,50,50,70,Kalos,60,65,80,170,95,130,600,45,Amorphous,
97,Hypno,1.6,75.6,Psychic,,50,50,70,Kanto,85,73,70,73,115,67,483,75,Human-Like,
99,Kingler,1.3,60,Water,,50,50,70,Kanto,55,130,115,50,50,75,475,60,Water 3,
101,Electrode,1.2,66.6,Electric,,0,0,70,Kanto,60,50,70,80,80,150,490,60,Mineral,
103,Exeggutor,2,120,Grass,Psychic,50,50,70,Kanto,95,95,85,125,75,55,530,45,Grass,
103,Exeggutor-Alola,10.9,415.6,Grass,Dragon,50,50,70,Alola,95,105,85,125,75,45,530,45,Grass,
105,Marowak,1,45,Ground,,50,50,70,Kanto,60,80,110,50,80,45,425,75,Monster,
105,Marowak-Alola,1,34,Ghost,Fire,50,50,70,Alola,60,80,110,50,80,45,425,75,Monster,
106,Hitmonlee,1.5,49.8,Fighting,,100,0,70,Kanto,50,120,53,35,110,87,455,45,Human-Like,
107,Hitmonchan,1.4,50.2,Fighting,,100,0,70,Kanto,50,105,79,35,110,76,455,45,Human-Like,
110,Weezing,1.2,9.5,Poison,,50,50,70,Kanto,65,90,120,85,70,60,490,60,Amorphous,
110,Weezing-Galar,3,16,Poison,Fairy,50,50,70,Galar,65,90,120,85,70,60,490,60,Amorphous,
115,Kangaskhan,2.2,80,Normal,,0,100,70,Kanto,105,95,80,40,80,90,490,45,Monster,
115,Kangaskhan-Mega,2.2,100,Normal,,0,100,70,Kalos,105,125,100,60,100,100,590,45,Monster,
119,Seaking,1.3,39,Water,,50,50,70,Kanto,80,92,65,65,80,68,450,60,Water 2,
121,Starmie,1.1,80,Water,Psychic,0,0,70,Kanto,60,75,85,100,85,115,520,60,Water 3,
122,Mr. Mime,1.3,54.5,Psychic,Fairy,50,50,70,Kanto,40,45,65,100,120,90,460,45,Human-Like,
124,Jynx,1.4,40.6,Ice,Psychic,0,100,70,Kanto,65,50,35,115,95,95,455,45,Human-Like,
127,Pinsir,1.5,55,Bug,,50,50,70,Kanto,65,125,100,55,70,85,500,45,Bug,
127,Pinsir-Mega,1.7,59,Bug,Flying,50,50,70,Kalos,65,155,120,65,90,105,600,45,Bug,
128,Tauros,1.4,88.4,Normal,,100,0,70,Kanto,75,100,95,40,70,110,490,45,Field,
130,Gyarados,6.5,235,Water,Flying,50,50,70,Kanto,95,125,79,60,100,81,540,45,Water 2,Dragon
130,Gyarados-Mega,6.5,305,Water,Dark,50,50,70,Kalos,95,155,109,70,130,81,640,45,Water 2,Dragon
131,Lapras,2.5,220,Water,Ice,50,50,70,Kanto,130,85,80,85,95,60,535,45,Monster,Water 1
132,Ditto,0.3,4,Normal,,0,0,70,Kanto,48,48,48,48,48,48,288,35,Ditto,
133,Eevee-Starter,0.3,6.5,Normal,,87.5,12.5,70,Alola,65,75,70,65,85,75,435,45,Field,
134,Vaporeon,1,29,Water,,87.5,12.5,70,Kanto,130,65,60,110,95,65,525,45,Field,
135,Jolteon,0.8,24.5,Electric,,87.5,12.5,70,Kanto,65,65,60,110,95,130,525,45,Field,
136,Flareon,0.9,25,Fire,,87.5,12.5,70,Kanto,65,130,60,95,110,65,525,45,Field,
139,Omastar,1,35,Rock,Water,87.5,12.5,70,Kanto,70,60,125,115,70,55,495,45,Water 1,Water 3
141,Kabutops,1.3,40.5,Rock,Water,87.5,12.5,70,Kanto,60,115,105,65,70,80,495,45,Water 1,Water 3
142,Aerodactyl,1.8,59,Rock,Flying,87.5,12.5,70,Kanto,80,105,65,60,75,130,515,45,Flying,
142,Aerodactyl-Mega,2.1,79,Rock,Flying,87.5,12.5,70,Kalos,80,135,85,70,95,150,615,45,Flying,
143,Snorlax,2.1,460,Normal,,87.5,12.5,70,Kanto,160,110,65,65,110,30,540,25,Monster,
144,Articuno,1.7,55.4,Ice,Flying,0,0,35,Kanto,90,85,100,95,125,85,580,3,Undiscovered,
145,Zapdos,1.6,52.6,Electric,Flying,0,0,35,Kanto,90,90,85,125,90,100,580,3,Undiscovered,
146,Moltres,2,60,Fire,Flying,0,0,35,Kanto,90,100,90,125,85,90,580,3,Undiscovered,
149,Dragonite,2.2,210,Dragon,Flying,50,50,35,Kanto,91,134,95,100,100,80,600,45,Water 1,Dragon
150,Mewtwo,2,122,Psychic,,0,0,0,Kanto,106,110,90,154,90,130,680,3,Undiscovered,
150,Mewtwo-Mega X,2.3,127,Psychic,,0,0,0,Kalos,106,190,100,154,100,130,780,3,Undiscovered,
150,Mewtwo-Mega Y,1.5,33,Psychic,,0,0,0,Kalos,106,150,70,194,120,140,780,3,Undiscovered,
151,Mew,0.4,4,Psychic,,0,0,100,Kanto,100,100,100,100,100,100,600,45,Undiscovered,
154,Meganium,1.8,100.5,Grass,,87.5,12.5,70,Johto,80,82,100,83,100,80,525,45,Monster,Grass
157,Typhlosion,1.7,79.5,Fire,,87.5,12.5,70,Johto,78,84,78,109,85,100,534,45,Field,
160,Feraligatr,2.3,88.8,Water,,87.5,12.5,70,Johto,85,105,100,79,83,78,530,45,Monster,Water 1
162,Furret,1.8,32.5,Normal,,50,50,70,Johto,85,76,64,45,55,90,415,90,Field,
164,Noctowl,1.6,40.8,Normal,Flying,50,50,70,Johto,100,50,50,86,96,70,452,90,Flying,
166,Ledian,1.4,35.6,Bug,Flying,50,50,70,Johto,55,35,50,55,110,85,390,90,Bug,
168,Ariados,1.1,33.5,Bug,Poison,50,50,70,Johto,70,90,70,60,70,40,400,90,Bug,
169,Crobat,1.8,75,Poison,Flying,50,50,70,Johto,85,90,80,70,80,130,535,90,Flying,
171,Lanturn,1.2,22.5,Water,Electric,50,50,70,Johto,125,58,58,76,76,67,460,75,Water 2,
178,Xatu,1.5,15,Psychic,Flying,50,50,70,Johto,65,75,70,95,70,95,470,75,Flying,
181,Ampharos,1.4,61.5,Electric,,50,50,70,Johto,90,75,85,115,90,55,510,45,Monster,Field
181,Ampharos-Mega,1.4,61.5,Electric,Dragon,50,50,70,Kalos,90,95,105,165,110,45,610,45,Monster,Field
182,Bellossom,0.4,5.8,Grass,,50,50,70,Johto,75,80,95,90,100,50,490,45,Grass,
184,Azumarill,0.8,28.5,Water,Fairy,50,50,70,Johto,100,50,80,60,80,50,420,75,Water 1,Fairy
185,Sudowoodo,1.2,38,Rock,,50,50,70,Johto,70,110,115,30,65,30,420,65,Mineral,
186,Politoed,1.1,33.9,Water,,50,50,70,Johto,90,75,75,90,100,70,500,45,Water 1,
189,Jumpluff,0.8,3,Grass,Flying,50,50,70,Johto,75,55,70,55,95,110,460,45,Fairy,Grass
192,Sunflora,0.8,8.5,Grass,,50,50,70,Johto,75,75,55,105,85,30,425,120,Grass,
195,Quagsire,1.4,75,Water,Ground,50,50,70,Johto,95,85,85,65,65,35,430,90,Water 1,Field
196,Espeon,0.9,26.5,Psychic,,87.5,12.5,70,Johto,65,65,60,130,95,110,525,45,Field,
197,Umbreon,1,27,Dark,,87.5,12.5,35,Johto,95,65,110,60,130,65,525,45,Field,
199,Slowking,2,79.5,Water,Psychic,50,50,70,Johto,95,75,80,100,110,30,490,70,Monster,Water 1
201,Unown,0.5,5,Psychic,,0,0,70,Johto,48,72,48,72,48,48,336,225,Undiscovered,
202,Wobbuffet,1.3,28.5,Psychic,,50,50,70,Johto,190,33,58,33,58,33,405,45,Amorphous,
203,Girafarig,1.5,41.5,Normal,Psychic,50,50,70,Johto,70,80,65,90,65,85,455,60,Field,
205,Forretress,1.2,125.8,Bug,Steel,50,50,70,Johto,75,90,140,60,60,40,465,75,Bug,
206,Dunsparce,1.5,14,Normal,,50,50,70,Johto,100,70,70,65,65,45,415,190,Field,
208,Steelix,9.2,400,Steel,Ground,50,50,70,Johto,75,85,200,55,65,30,510,25,Mineral,
208,Steelix-Mega,10.5,740,Steel,Ground,50,50,70,Kalos,75,125,230,55,95,30,610,25,Mineral,
210,Granbull,1.4,48.7,Fairy,,25,75,70,Johto,90,120,75,60,60,45,450,75,Field,Fairy
211,Qwilfish,0.5,3.9,Water,Poison,50,50,70,Johto,65,95,85,55,55,85,440,45,Water 2,
212,Scizor,1.8,118,Bug,Steel,50,50,70,Johto,70,130,100,55,80,65,500,25,Bug,
212,Scizor-Mega,2,125,Bug,Steel,50,50,70,Kalos,70,150,140,65,100,75,600,25,Bug,
213,Shuckle,0.6,20.5,Bug,Rock,50,50,70,Johto,20,10,230,10,230,5,505,190,Bug,
214,Heracross,1.5,54,Bug,Fighting,50,50,70,Johto,80,125,75,40,95,85,500,45,Bug,
214,Heracross-Mega,1.7,62.5,Bug,Fighting,50,50,70,Kalos,80,185,115,40,105,75,600,45,Bug,
217,Ursaring,1.8,125.8,Normal,,50,50,70,Johto,90,130,75,75,75,55,500,60,Field,
219,Magcargo,0.8,55,Fire,Rock,50,50,70,Johto,60,50,120,90,80,30,430,75,Amorphous,
222,Corsola,0.6,5,Water,Rock,25,75,70,Johto,65,55,95,65,95,35,410,60,Water 1,Water 3
224,Octillery,0.9,28.5,Water,,50,50,70,Johto,75,105,75,105,75,45,480,75,Water 1,Water 2
225,Delibird,0.9,16,Ice,Flying,50,50,70,Johto,45,55,45,65,45,75,330,45,Water 1,Field
226,Mantine,2.1,220,Water,Flying,50,50,70,Johto,85,40,70,80,140,70,485,25,Water 1,
227,Skarmory,1.7,50.5,Steel,Flying,50,50,70,Johto,65,80,140,40,70,70,465,25,Flying,
229,Houndoom,1.4,35,Dark,Fire,50,50,35,Johto,75,90,50,110,80,95,500,45,Field,
229,Houndoom-Mega,1.9,49.5,Dark,Fire,50,50,35,Kalos,75,90,90,140,90,115,600,45,Field,
230,Kingdra,1.8,152,Water,Dragon,50,50,70,Johto,75,95,95,95,95,85,540,45,Water 1,Dragon
232,Donphan,1.1,120,Ground,,50,50,70,Johto,90,120,120,60,60,50,500,60,Field,
234,Stantler,1.4,71.2,Normal,,50,50,70,Johto,73,95,62,85,65,85,465,45,Field,
235,Smeargle,1.2,58,Normal,,50,50,70,Johto,55,20,35,20,45,75,250,45,Field,
237,Hitmontop,1.4,48,Fighting,,100,0,70,Johto,50,95,95,35,110,70,455,45,Human-Like,
241,Miltank,1.2,75.5,Normal,,0,100,70,Johto,95,80,105,40,70,100,490,45,Field,
242,Blissey,1.5,46.8,Normal,,0,100,140,Johto,255,10,10,75,135,55,540,30,Fairy,
243,Raikou,1.9,178,Electric,,0,0,35,Johto,90,85,75,115,100,115,580,3,Undiscovered,
244,Entei,2.1,198,Fire,,0,0,35,Johto,115,115,85,90,75,100,580,3,Undiscovered,
245,Suicune,2,187,Water,,0,0,35,Johto,100,75,115,90,115,85,580,3,Undiscovered,
248,Tyranitar,2,202,Rock,Dark,50,50,35,Johto,100,134,110,95,100,61,600,45,Monster,
248,Tyranitar-Mega,2.5,255,Rock,Dark,50,50,35,Kalos,100,164,150,95,120,71,700,45,Monster,
249,Lugia,5.2,216,Psychic,Flying,0,0,0,Johto,106,90,130,90,154,110,680,3,Undiscovered,
250,Ho-Oh,3.8,199,Fire,Flying,0,0,0,Johto,106,130,90,110,154,90,680,3,Undiscovered,
251,Celebi,0.6,5,Psychic,Grass,0,0,100,Johto,100,100,100,100,100,100,600,45,Undiscovered,
254,Sceptile,1.7,52.2,Grass,,87.5,12.5,70,Hoenn,70,85,65,105,85,120,530,45,Monster,Dragon
254,Sceptile-Mega,1.9,55.2,Grass,Dragon,87.5,12.5,70,Kalos,70,110,75,145,85,145,630,45,Monster,Dragon
257,Blaziken,1.9,52,Fire,Fighting,87.5,12.5,70,Hoenn,80,120,70,110,70,80,530,45,Field,
257,Blaziken-Mega,1.9,52,Fire,Fighting,87.5,12.5,70,Kalos,80,160,80,130,80,100,630,45,Field,
260,Swampert,1.5,81.9,Water,Ground,87.5,12.5,70,Hoenn,100,110,90,85,90,60,535,45,Monster,Water 1
260,Swampert-Mega,1.9,102,Water,Ground,87.5,12.5,70,Kalos,100,150,110,95,110,70,635,45,Monster,Water 1
262,Mightyena,1,37,Dark,,50,50,70,Hoenn,70,90,70,60,60,70,420,127,Field,
264,Linoone,0.5,32.5,Normal,,50,50,70,Hoenn,78,70,61,50,61,100,420,90,Field,
267,Beautifly,1,28.4,Bug,Flying,50,50,70,Hoenn,60,70,50,100,50,65,395,45,Bug,
269,Dustox,1.2,31.6,Bug,Poison,50,50,70,Hoenn,60,50,70,50,90,65,385,45,Bug,
272,Ludicolo,1.5,55,Water,Grass,50,50,70,Hoenn,80,70,70,90,100,70,480,45,Water 1,Grass
275,Shiftry,1.3,59.6,Grass,Dark,50,50,70,Hoenn,90,100,60,90,60,80,480,45,Fairy,Grass
277,Swellow,0.7,19.8,Normal,Flying,50,50,70,Hoenn,60,85,60,75,50,125,455,45,Flying,
279,Pelipper,1.2,28,Water,Flying,50,50,70,Hoenn,90,50,100,95,70,65,470,45,Water 1,Flying
282,Gardevoir,1.6,48.4,Psychic,Fairy,50,50,35,Hoenn,68,65,65,125,115,80,518,45,Human-Like,Amorphous
282,Gardevoir-Mega,1.6,48.4,Psychic,Fairy,50,50,35,Kalos,68,85,65,165,135,100,618,45,Human-Like,Amorphous
284,Masquerain,0.8,3.6,Bug,Flying,50,50,70,Hoenn,70,60,62,100,82,80,454,75,Water 1,Bug
286,Breloom,1.2,39.2,Grass,Fighting,50,50,70,Hoenn,60,130,80,60,60,70,460,90,Fairy,Grass
289,Slaking,2,130.5,Normal,,50,50,70,Hoenn,150,160,100,95,65,100,670,45,Field,
291,Ninjask,0.8,12,Bug,Flying,50,50,70,Hoenn,61,90,45,50,50,160,456,120,Bug,
292,Shedinja,0.8,1.2,Bug,Ghost,0,0,70,Hoenn,1,90,45,30,30,40,236,45,Mineral,
295,Exploud,1.5,84,Normal,,50,50,70,Hoenn,104,91,63,91,73,68,490,45,Monster,Field
297,Hariyama,2.3,253.8,Fighting,,75,25,70,Hoenn,144,120,60,40,60,50,474,200,Human-Like,
301,Delcatty,1.1,32.6,Normal,,25,75,70,Hoenn,70,65,65,55,55,90,400,60,Field,Fairy
302,Sableye,0.5,11,Dark,Ghost,50,50,35,Hoenn,50,75,75,65,65,50,380,45,Human-Like,
302,Sableye-Mega,0.5,161,Dark,Ghost,50,50,35,Kalos,50,85,125,85,115,20,480,45,Human-Like,
303,Mawile,0.6,11.5,Steel,Fairy,50,50,70,Hoenn,50,85,85,55,55,50,380,45,Field,Fairy
303,Mawile-Mega,1,23.5,Steel,Fairy,50,50,70,Kalos,50,105,125,55,95,50,480,45,Field,Fairy
306,Aggron,2.1,360,Steel,Rock,50,50,35,Hoenn,70,110,180,60,60,50,530,45,Monster,
306,Aggron-Mega,2.2,395,Steel,,50,50,35,Kalos,70,140,230,60,80,50,630,45,Monster,
308,Medicham,1.3,31.5,Fighting,Psychic,50,50,70,Hoenn,60,60,75,60,75,80,410,90,Human-Like,
308,Medicham-Mega,1.3,31.5,Fighting,Psychic,50,50,70,Kalos,60,100,85,80,85,100,510,90,Human-Like,
310,Manectric,1.5,40.2,Electric,,50,50,70,Hoenn,70,75,60,105,60,105,475,45,Field,
310,Manectric-Mega,1.8,44,Electric,,50,50,70,Kalos,70,75,80,135,80,135,575,45,Field,
311,Plusle,0.4,4.2,Electric,,50,50,70,Hoenn,60,50,40,85,75,95,405,200,Fairy,
312,Minun,0.4,4.2,Electric,,50,50,70,Hoenn,60,40,50,75,85,95,405,200,Fairy,
313,Volbeat,0.7,17.7,Bug,,100,0,70,Hoenn,65,73,75,47,85,85,430,150,Bug,Human-Like
314,Illumise,0.6,17.7,Bug,,0,100,70,Hoenn,65,47,75,73,85,85,430,150,Bug,Human-Like
317,Swalot,1.7,80,Poison,,50,50,70,Hoenn,100,73,83,73,83,55,467,75,Amorphous,
319,Sharpedo,1.8,88.8,Water,Dark,50,50,35,Hoenn,70,120,40,95,40,95,460,60,Water 2,
319,Sharpedo-Mega,2.5,130.3,Water,Dark,50,50,35,Kalos,70,140,70,110,65,105,560,60,Water 2,
321,Wailord,14.5,398,Water,,50,50,70,Hoenn,170,90,45,90,45,60,500,60,Field,Water 2
323,Camerupt,1.9,220,Fire,Ground,50,50,70,Hoenn,70,100,70,105,75,40,460,150,Field,
323,Camerupt-Mega,2.5,320.5,Fire,Ground,50,50,70,Kalos,70,120,100,145,105,20,560,150,Field,
324,Torkoal,0.5,80.4,Fire,,50,50,70,Hoenn,70,85,140,85,70,20,470,90,Field,
326,Grumpig,0.9,71.5,Psychic,,50,50,70,Hoenn,80,45,65,90,110,80,470,60,Field,
327,Spinda,1.1,5,Normal,,50,50,70,Hoenn,60,60,60,60,60,60,360,255,Field,Human-Like
330,Flygon,2,82,Ground,Dragon,50,50,70,Hoenn,80,100,80,80,80,100,520,45,Bug,Dragon
332,Cacturne,1.3,77.4,Grass,Dark,50,50,35,Hoenn,70,115,60,115,60,55,475,60,Grass,Human-Like
334,Altaria,1.1,20.6,Dragon,Flying,50,50,70,Hoenn,75,70,90,70,105,80,490,45,Flying,Dragon
334,Altaria-Mega,1.5,20.6,Dragon,Fairy,50,50,70,Kalos,75,110,110,110,105,80,590,45,Flying,Dragon
335,Zangoose,1.3,40.3,Normal,,50,50,70,Hoenn,73,115,60,60,60,90,458,90,Field,
336,Seviper,2.7,52.5,Poison,,50,50,70,Hoenn,73,100,60,100,60,65,458,90,Field,Dragon
337,Lunatone,1,168,Rock,Psychic,0,0,70,Hoenn,90,55,65,95,85,70,460,45,Mineral,
338,Solrock,1.2,154,Rock,Psychic,0,0,70,Hoenn,90,95,85,55,65,70,460,45,Mineral,
340,Whiscash,0.9,23.6,Water,Ground,50,50,70,Hoenn,110,78,73,76,71,60,468,75,Water 2,
342,Crawdaunt,1.1,32.8,Water,Dark,50,50,70,Hoenn,63,120,85,90,55,55,468,155,Water 1,Water 3
344,Claydol,1.5,107.9,Ground,Psychic,0,0,70,Hoenn,60,70,105,70,120,75,500,90,Mineral,
346,Cradily,1.5,60.4,Rock,Grass,87.5,12.5,70,Hoenn,86,81,97,81,107,43,495,45,Water 3,
348,Armaldo,1.5,68.2,Rock,Bug,87.5,12.5,70,Hoenn,75,125,100,70,80,45,495,45,Water 3,
350,Milotic,6.2,162,Water,,50,50,70,Hoenn,95,60,79,100,125,81,540,60,Water 1,Dragon
351,Castform,0.3,0.8,Normal,,50,50,70,Hoenn,70,70,70,70,70,70,420,45,Fairy,Amorphous
352,Kecleon,1,22,Normal,,50,50,70,Hoenn,60,90,70,60,120,40,440,200,Field,
354,Banette,1.1,12.5,Ghost,,50,50,35,Hoenn,64,115,65,83,63,65,455,45,Amorphous,
354,Banette-Mega,1.2,13,Ghost,,50,50,35,Kalos,64,165,75,93,83,75,555,45,Amorphous,
357,Tropius,2,100,Grass,Flying,50,50,70,Hoenn,99,68,83,72,87,51,460,200,Monster,Grass
358,Chimecho,0.6,1,Psychic,,50,50,70,Hoenn,75,50,80,95,90,65,455,45,Amorphous,
359,Absol,1.2,47,Dark,,50,50,35,Hoenn,65,130,60,75,60,75,465,30,Field,
359,Absol-Mega,1.2,49,Dark,,50,50,35,Kalos,65,150,60,115,60,115,565,30,Field,
362,Glalie,1.5,256.5,Ice,,50,50,70,Hoenn,80,80,80,80,80,80,480,75,Fairy,Mineral
362,Glalie-Mega,2.1,350.2,Ice,,50,50,70,Kalos,80,120,80,120,80,100,580,75,Fairy,Mineral
365,Walrein,1.4,150.6,Ice,Water,50,50,70,Hoenn,110,80,90,95,90,65,530,45,Water 1,Field
367,Huntail,1.7,27,Water,,50,50,70,Hoenn,55,104,105,94,75,52,485,60,Water 1,
368,Gorebyss,1.8,22.6,Water,,50,50,70,Hoenn,55,84,105,114,75,52,485,60,Water 1,
369,Relicanth,1,23.4,Water,Rock,87.5,12.5,70,Hoenn,100,90,130,45,65,55,485,25,Water 1,Water 2
370,Luvdisc,0.6,8.7,Water,,25,75,70,Hoenn,43,30,55,40,65,97,330,225,Water 2,
373,Salamence,1.5,102.6,Dragon,Flying,50,50,35,Hoenn,95,135,80,110,80,100,600,45,Dragon,
373,Salamence-Mega,1.8,112.6,Dragon,Flying,50,50,35,Kalos,95,145,130,120,90,120,700,45,Dragon,
376,Metagross,1.6,550,Steel,Psychic,100,0,35,Hoenn,80,135,130,95,90,70,600,3,Mineral,
376,Metagross-Mega,2.5,942.9,Steel,Psychic,100,0,35,Kalos,80,145,150,105,110,110,700,3,Mineral,
377,Regirock,1.7,230,Rock,,0,0,35,Hoenn,80,100,200,50,100,50,580,3,Undiscovered,
378,Regice,1.8,175,Ice,,0,0,35,Hoenn,80,50,100,100,200,50,580,3,Undiscovered,
379,Registeel,1.9,205,Steel,,0,0,35,Hoenn,80,75,150,75,150,50,580,3,Undiscovered,
380,Latias,1.4,40,Dragon,Psychic,0,100,90,Hoenn,80,80,90,110,130,110,600,3,Undiscovered,
380,Latias-Mega,1.8,52,Dragon,Psychic,0,100,90,Kalos,80,100,120,140,150,110,700,3,Undiscovered,
381,Latios,2,60,Dragon,Psychic,100,0,90,Hoenn,80,90,80,130,110,110,600,3,Undiscovered,
381,Latios-Mega,2.3,70,Dragon,Psychic,100,0,90,Kalos,80,130,100,160,120,110,700,3,Undiscovered,
382,Kyogre,4.5,352,Water,,0,0,0,Hoenn,100,100,90,150,140,90,670,3,Undiscovered,
382,Kyogre-Primal,9.8,430,Water,,0,0,0,Kalos,100,150,90,180,160,90,770,3,Undiscovered,
383,Groudon,3.5,950,Ground,,0,0,0,Hoenn,100,150,140,100,90,90,670,3,Undiscovered,
383,Groudon-Primal,5,999.7,Ground,Fire,0,0,0,Kalos,100,180,160,150,90,90,770,3,Undiscovered,
384,Rayquaza,7,206.5,Dragon,Flying,0,0,0,Hoenn,105,150,90,150,90,95,680,45,Undiscovered,
384,Rayquaza-Mega,10.8,392,Dragon,Flying,0,0,0,Kalos,105,180,100,180,100,115,780,45,Undiscovered,
385,Jirachi,0.3,1.1,Steel,Psychic,0,0,100,Hoenn,100,100,100,100,100,100,600,3,Undiscovered,
386,Deoxys,1.7,60.8,Psychic,,0,0,0,Hoenn,50,150,50,150,50,150,600,3,Undiscovered,
386,Deoxys-Attack,1.7,60.8,Psychic,,0,0,0,Hoenn,50,180,20,180,20,150,600,3,Undiscovered,
386,Deoxys-Defense,1.7,60.8,Psychic,,0,0,0,Hoenn,50,70,160,70,160,90,600,3,Undiscovered,
386,Deoxys-Speed,1.7,60.8,Psychic,,0,0,0,Hoenn,50,95,90,95,90,180,600,3,Undiscovered,
389,Torterra,2.2,310,Grass,Ground,87.5,12.5,70,Sinnoh,95,109,105,75,85,56,525,45,Monster,Grass
392,Infernape,1.2,55,Fire,Fighting,87.5,12.5,70,Sinnoh,76,104,71,104,71,108,534,45,Field,Human-Like
395,Empoleon,1.7,84.5,Water,Steel,87.5,12.5,70,Sinnoh,84,86,88,111,101,60,530,45,Water 1,Field
398,Staraptor,1.2,24.9,Normal,Flying,50,50,70,Sinnoh,85,120,70,50,60,100,485,45,Flying,
400,Bibarel,1,31.5,Normal,Water,50,50,70,Sinnoh,79,85,60,55,60,71,410,127,Water 1,Field
402,Kricketune,1,25.5,Bug,,50,50,70,Sinnoh,77,85,51,55,51,65,384,45,Bug,
405,Luxray,1.4,42,Electric,,50,50,70,Sinnoh,80,120,79,95,79,70,523,45,Field,
407,Roserade,0.9,14.5,Grass,Poison,50,50,70,Sinnoh,60,70,65,125,105,90,515,75,Fairy,Grass
409,Rampardos,1.6,102.5,Rock,,87.5,12.5,70,Sinnoh,97,165,60,65,50,58,495,45,Monster,
411,Bastiodon,1.3,149.5,Rock,Steel,87.5,12.5,70,Sinnoh,60,52,168,47,138,30,495,45,Monster,
413,Wormadam,0.5,6.5,Bug,Grass,0,100,70,Sinnoh,60,59,85,79,105,36,424,45,Bug,
413,Wormadam-Sandy,0.5,6.5,Bug,Ground,0,100,70,Sinnoh,60,79,105,59,85,36,424,45,Bug,
413,Wormadam-Trash,0.5,6.5,Bug,Steel,0,100,70,Sinnoh,60,69,95,69,95,36,424,45,Bug,
414,Mothim,0.9,23.3,Bug,Flying,100,0,70,Sinnoh,70,94,50,94,50,66,424,45,Bug,
416,Vespiquen,1.2,38.5,Bug,Flying,0,100,70,Sinnoh,70,80,102,80,102,40,474,45,Bug,
417,Pachirisu,0.4,3.9,Electric,,50,50,100,Sinnoh,60,45,70,45,90,95,405,200,Field,Fairy
419,Floatzel,1.1,33.5,Water,,50,50,70,Sinnoh,85,105,55,85,50,115,495,75,Water 1,Field
421,Cherrim,0.5,9.3,Grass,,50,50,70,Sinnoh,70,60,70,87,78,85,450,75,Fairy,Grass
423,Gastrodon,0.9,29.9,Water,Ground,50,50,70,Sinnoh,111,83,68,92,82,39,475,75,Water 1,Amorphous
424,Ambipom,1.2,20.3,Normal,,50,50,100,Sinnoh,75,100,66,60,66,115,482,45,Field,
426,Drifblim,1.2,15,Ghost,Flying,50,50,70,Sinnoh,150,80,44,90,54,80,498,60,Amorphous,
428,Lopunny,1.2,33.3,Normal,,50,50,140,Sinnoh,65,76,84,54,96,105,480,60,Field,Human-Like
428,Lopunny-Mega,1.3,28.3,Normal,Fighting,50,50,140,Kalos,65,136,94,54,96,135,580,60,Field,Human-Like
429,Mismagius,0.9,4.4,Ghost,,50,50,35,Sinnoh,60,60,60,105,105,105,495,45,Amorphous,
430,Honchkrow,0.9,27.3,Dark,Flying,50,50,35,Sinnoh,100,125,52,105,52,71,505,30,Flying,
432,Purugly,1,43.8,Normal,,25,75,70,Sinnoh,71,82,64,64,59,112,452,75,Field,
435,Skuntank,1,38,Poison,Dark,50,50,70,Sinnoh,103,93,67,71,61,84,479,60,Field,
437,Bronzong,1.3,187,Steel,Psychic,0,0,70,Sinnoh,67,89,116,79,116,33,500,90,Mineral,
441,Chatot,0.5,1.9,Normal,Flying,50,50,35,Sinnoh,76,65,45,92,42,91,411,30,Flying,
442,Spiritomb,1,108,Ghost,Dark,50,50,70,Sinnoh,50,92,108,92,108,35,485,100,Amorphous,
445,Garchomp,1.9,95,Dragon,Ground,50,50,70,Sinnoh,108,130,95,80,85,102,600,45,Monster,Dragon
445,Garchomp-Mega,1.9,95,Dragon,Ground,50,50,70,Kalos,108,170,115,120,95,92,700,45,Monster,Dragon
448,Lucario,1.2,54,Fighting,Steel,87.5,12.5,70,Sinnoh,70,110,70,115,70,90,525,45,Field,Human-Like
448,Lucario-Mega,1.3,57.5,Fighting,Steel,87.5,12.5,70,Kalos,70,145,88,140,70,112,625,45,Field,Human-Like
450,Hippowdon,2,300,Ground,,50,50,70,Sinnoh,108,112,118,68,72,47,525,60,Field,
452,Drapion,1.3,61.5,Poison,Dark,50,50,70,Sinnoh,70,90,110,60,75,95,500,45,Bug,Water 3
454,Toxicroak,1.3,44.4,Poison,Fighting,50,50,70,Sinnoh,83,106,65,86,65,85,490,75,Human-Like,
455,Carnivine,1.4,27,Grass,,50,50,70,Sinnoh,74,100,72,90,72,46,454,200,Grass,
457,Lumineon,1.2,24,Water,,50,50,70,Sinnoh,69,69,76,69,86,91,460,75,Water 2,
460,Abomasnow,2.2,135.5,Grass,Ice,50,50,70,Sinnoh,90,92,75,92,85,60,494,60,Monster,Grass
460,Abomasnow-Mega,2.7,185,Grass,Ice,50,50,70,Kalos,90,132,105,132,105,30,594,60,Monster,Grass
461,Weavile,1.1,34,Dark,Ice,50,50,35,Sinnoh,70,120,65,45,85,125,510,45,Field,
462,Magnezone,1.2,180,Electric,Steel,0,0,70,Sinnoh,70,70,115,130,90,60,535,30,Mineral,
463,Lickilicky,1.7,140,Normal,,50,50,70,Sinnoh,110,85,95,80,95,50,515,30,Monster,
464,Rhyperior,2.4,282.8,Ground,Rock,50,50,70,Sinnoh,115,140,130,55,55,40,535,30,Monster,Field
465,Tangrowth,2,128.6,Grass,,50,50,70,Sinnoh,100,100,125,110,50,50,535,30,Grass,
466,Electivire,1.8,138.6,Electric,,75,25,70,Sinnoh,75,123,67,95,85,95,540,30,Human-Like,
467,Magmortar,1.6,68,Fire,,75,25,70,Sinnoh,75,95,67,125,95,83,540,30,Human-Like,
468,Togekiss,1.5,38,Fairy,Flying,87.5,12.5,70,Sinnoh,85,50,95,120,115,80,545,30,Flying,Fairy
469,Yanmega,1.9,51.5,Bug,Flying,50,50,70,Sinnoh,86,76,86,116,56,95,515,30,Bug,
470,Leafeon,1,25.5,Grass,,87.5,12.5,35,Sinnoh,65,110,130,60,65,95,525,45,Field,
471,Glaceon,0.8,25.9,Ice,,87.5,12.5,35,Sinnoh,65,60,110,130,95,65,525,45,Field,
472,Gliscor,2,42.5,Ground,Flying,50,50,70,Sinnoh,75,95,125,45,75,95,510,30,Bug,
473,Mamoswine,2.5,291,Ice,Ground,50,50,70,Sinnoh,110,130,80,70,60,80,530,50,Field,
474,Porygon-Z,0.9,34,Normal,,0,0,70,Sinnoh,85,80,70,135,75,90,535,30,Mineral,
475,Gallade,1.6,52,Psychic,Fighting,100,0,35,Sinnoh,68,125,65,65,115,80,518,45,Human-Like,Amorphous
475,Gallade-Mega,1.6,56.4,Psychic,Fighting,100,0,35,Kalos,68,165,95,65,115,110,618,45,Human-Like,Amorphous
476,Probopass,1.4,340,Rock,Steel,50,50,70,Sinnoh,60,55,145,75,150,40,525,60,Mineral,
477,Dusknoir,2.2,106.6,Ghost,,50,50,35,Sinnoh,45,100,135,65,135,45,525,45,Amorphous,
478,Froslass,1.3,26.6,Ice,Ghost,0,100,70,Sinnoh,70,80,70,80,70,110,480,75,Fairy,Mineral
479,Rotom,0.3,0.3,Electric,Ghost,0,0,70,Sinnoh,50,50,77,95,77,91,440,45,Amorphous,
479,Rotom-Heat,0.3,0.3,Electric,Fire,0,0,70,Sinnoh,50,65,107,105,107,86,520,45,Amorphous,
479,Rotom-Wash,0.3,0.3,Electric,Water,0,0,70,Sinnoh,50,65,107,105,107,86,520,45,Amorphous,
479,Rotom-Frost,0.3,0.3,Electric,Ice,0,0,70,Sinnoh,50,65,107,105,107,86,520,45,Amorphous,
479,Rotom-Fan,0.3,0.3,Electric,Flying,0,0,70,Sinnoh,50,65,107,105,107,86,520,45,Amorphous,
479,Rotom-Mow,0.3,0.3,Electric,Grass,0,0,70,Sinnoh,50,65,107,105,107,86,520,45,Amorphous,
480,Uxie,0.3,0.3,Psychic,,0,0,140,Sinnoh,75,75,130,75,130,95,580,3,Undiscovered,
481,Mesprit,0.3,0.3,Psychic,,0,0,140,Sinnoh,80,105,105,105,105,80,580,3,Undiscovered,
482,Azelf,0.3,0.3,Psychic,,0,0,140,Sinnoh,75,125,70,125,70,115,580,3,Undiscovered,
483,Dialga,5.4,683,Steel,Dragon,0,0,0,Sinnoh,100,120,120,150,100,90,680,3,Undiscovered,
484,Palkia,4.2,336,Water,Dragon,0,0,0,Sinnoh,90,120,100,150,120,100,680,3,Undiscovered,
485,Heatran,1.7,430,Fire,Steel,50,50,100,Sinnoh,91,90,106,130,106,77,600,3,Undiscovered,
486,Regigigas,3.7,420,Normal,,0,0,0,Sinnoh,110,160,110,80,110,100,670,3,Undiscovered,
487,Giratina,4.5,750,Ghost,Dragon,0,0,0,Sinnoh,150,100,120,100,120,90,680,3,Undiscovered,
487,Giratina-Origin,6.9,650,Ghost,Dragon,0,0,0,Sinnoh,150,120,100,120,100,90,680,3,Undiscovered,
488,Cresselia,1.5,85.6,Psychic,,0,0,100,Sinnoh,120,70,120,75,130,85,600,3,Undiscovered,
489,Phione,0.4,3.1,Water,,0,0,70,Sinnoh,80,80,80,80,80,80,480,30,Water 1,Fairy
490,Manaphy,0.3,1.4,Water,,0,0,70,Sinnoh,100,100,100,100,100,100,600,3,Water 1,Fairy
491,Darkrai,1.5,50.5,Dark,,0,0,0,Sinnoh,70,90,90,135,90,125,600,3,Undiscovered,
492,Shaymin,0.2,2.1,Grass,,0,0,100,Sinnoh,100,100,100,100,100,100,600,45,Undiscovered,
492,Shaymin-Sky,0.4,5.2,Grass,Flying,0,0,100,Sinnoh,100,103,75,120,75,127,600,45,Undiscovered,
493,Arceus,3.2,320,Normal,,0,0,0,Sinnoh,120,120,120,120,120,120,720,3,Undiscovered,
494,Victini,0.4,4,Psychic,Fire,0,0,100,Unova,100,100,100,100,100,100,600,3,Undiscovered,
497,Serperior,3.3,63,Grass,,87.5,12.5,70,Unova,75,75,95,75,95,113,528,45,Field,Grass
500,Emboar,1.6,150,Fire,Fighting,87.5,12.5,70,Unova,110,123,65,100,65,65,528,45,Field,
503,Samurott,1.5,94.6,Water,,87.5,12.5,70,Unova,95,100,85,108,70,70,528,45,Field,
505,Watchog,1.1,27,Normal,,50,50,70,Unova,60,85,69,60,69,77,420,255,Field,
508,Stoutland,1.2,61,Normal,,50,50,70,Unova,85,110,90,45,90,80,500,45,Field,
510,Liepard,1.1,37.5,Dark,,50,50,70,Unova,64,88,50,88,50,106,446,90,Field,
512,Simisage,1.1,30.5,Grass,,87.5,12.5,70,Unova,75,98,63,98,63,101,498,75,Field,
514,Simisear,1,28,Fire,,87.5,12.5,70,Unova,75,98,63,98,63,101,498,75,Field,
516,Simipour,1,29,Water,,87.5,12.5,70,Unova,75,98,63,98,63,101,498,75,Field,
518,Musharna,1.1,60.5,Psychic,,50,50,70,Unova,116,55,85,107,95,29,487,75,Field,
521,Unfezant,1.2,29,Normal,Flying,50,50,70,Unova,80,115,80,65,55,93,488,45,Flying,
523,Zebstrika,1.6,79.5,Electric,,50,50,70,Unova,75,100,63,80,63,116,497,75,Field,
526,Gigalith,1.7,260,Rock,,50,50,70,Unova,85,135,130,60,80,25,515,45,Mineral,
528,Swoobat,0.9,10.5,Psychic,Flying,50,50,70,Unova,67,57,55,77,55,114,425,45,Field,Flying
530,Excadrill,0.7,40.4,Ground,Steel,50,50,70,Unova,110,135,60,50,65,88,508,60,Field,
531,Audino,1.1,31,Normal,,50,50,70,Unova,103,60,86,60,86,50,445,255,Fairy,
531,Audino-Mega,1.5,32,Normal,Fairy,50,50,70,Kalos,103,60,126,80,126,50,545,255,Fairy,
534,Conkeldurr,1.4,87,Fighting,,75,25,70,Unova,105,140,95,55,65,45,505,45,Human-Like,
537,Seismitoad,1.5,62,Water,Ground,50,50,70,Unova,105,95,75,85,75,74,509,45,Water 1,
538,Throh,1.3,55.5,Fighting,,100,0,70,Unova,120,100,85,30,85,45,465,45,Human-Like,
539,Sawk,1.4,41,Fighting,,100,0,70,Unova,75,125,75,30,75,85,465,45,Human-Like,
542,Leavanny,1.2,20.5,Bug,Grass,50,50,70,Unova,75,103,80,70,80,92,500,45,Bug,
545,Scolipede,2.5,200.5,Bug,Poison,50,50,70,Unova,60,100,89,55,69,112,485,45,Bug,
547,Whimsicott,0.7,6.6,Grass,Fairy,50,50,70,Unova,60,67,85,77,75,116,480,75,Grass,Fairy
549,Lilligant,1.1,16.3,Grass,,0,100,70,Unova,70,60,75,110,75,90,480,75,Grass,
550,Basculin,1,18,Water,,50,50,70,Unova,70,92,65,80,55,98,460,25,Water 2,
553,Krookodile,1.5,96.3,Ground,Dark,50,50,70,Unova,95,117,80,65,70,92,519,45,Field,
555,Darmanitan,1.3,92.9,Fire,,50,50,70,Unova,105,140,55,30,55,95,480,60,Field,
555,Darmanitan-Zen,1.3,92.9,Fire,Psychic,50,50,70,Unova,105,30,105,140,105,55,540,60,Field,
555,Darmanitan-Galar,1.7,120,Ice,,50,50,70,Galar,105,140,55,30,55,95,480,60,Field,
555,Darmanitan-Galar Zen,1.7,120,Ice,Fire,50,50,70,Galar,105,160,55,30,55,135,540,60,Field,
556,Maractus,1,28,Grass,,50,50,70,Unova,75,86,67,106,67,60,461,255,Grass,
558,Crustle,1.4,200,Bug,Rock,50,50,70,Unova,70,105,125,65,75,45,485,75,Bug,Mineral
560,Scrafty,1.1,30,Dark,Fighting,50,50,70,Unova,65,90,115,45,115,58,488,90,Field,Dragon
561,Sigilyph,1.4,14,Psychic,Flying,50,50,70,Unova,72,58,80,103,80,97,490,45,Flying,
563,Cofagrigus,1.7,76.5,Ghost,,50,50,70,Unova,58,50,145,95,105,30,483,90,Mineral,Amorphous
565,Carracosta,1.2,81,Water,Rock,87.5,12.5,70,Unova,74,108,133,83,65,32,495,45,Water 1,Water 3
567,Archeops,1.4,32,Rock,Flying,87.5,12.5,70,Unova,75,140,65,112,65,110,567,45,Flying,Water 3
569,Garbodor,1.9,107.3,Poison,,50,50,70,Unova,80,95,82,60,82,75,474,60,Mineral,
571,Zoroark,1.6,81.1,Dark,,87.5,12.5,70,Unova,60,105,60,120,60,105,510,45,Field,
573,Cinccino,0.5,7.5,Normal,,25,75,70,Unova,75,95,60,65,60,115,470,60,Field,
576,Gothitelle,1.5,44,Psychic,,25,75,70,Unova,70,55,95,95,110,65,490,50,Human-Like,
579,Reuniclus,1,20.1,Psychic,,50,50,70,Unova,110,65,75,125,85,30,490,50,Amorphous,
581,Swanna,1.3,24.2,Water,Flying,50,50,70,Unova,75,87,63,87,63,98,473,45,Water 1,Flying
584,Vanilluxe,1.3,57.5,Ice,,50,50,70,Unova,71,95,85,110,95,79,535,45,Mineral,
586,Sawsbuck,1.9,92.5,Normal,Grass,50,50,70,Unova,80,100,70,60,70,95,475,75,Field,
587,Emolga,0.4,5,Electric,Flying,50,50,70,Unova,55,75,60,75,60,103,428,200,Field,
589,Escavalier,1,33,Bug,Steel,50,50,70,Unova,70,135,105,60,105,20,495,75,Bug,
591,Amoonguss,0.6,10.5,Grass,Poison,50,50,70,Unova,114,85,70,85,80,30,464,75,Grass,
593,Jellicent,2.2,135,Water,Ghost,50,50,70,Unova,100,60,70,85,105,60,480,60,Amorphous,
594,Alomomola,1.2,31.6,Water,,50,50,70,Unova,165,75,80,40,45,65,470,75,Water 1,Water 2
596,Galvantula,0.8,14.3,Bug,Electric,50,50,70,Unova,70,77,60,97,60,108,472,75,Bug,
598,Ferrothorn,1,110,Grass,Steel,50,50,70,Unova,74,94,131,54,116,20,489,90,Grass,Mineral
601,Klinklang,0.6,81,Steel,,0,0,70,Unova,60,100,115,70,85,90,520,30,Mineral,
604,Eelektross,2.1,80.5,Electric,,50,50,70,Unova,85,115,80,105,80,50,515,30,Amorphous,
606,Beheeyem,1,34.5,Psychic,,50,50,70,Unova,75,75,75,125,95,40,485,90,Human-Like,
609,Chandelure,1,34.3,Ghost,Fire,50,50,70,Unova,60,55,90,145,90,80,520,45,Amorphous,
612,Haxorus,1.8,105.5,Dragon,,50,50,35,Unova,76,147,90,60,70,97,540,45,Monster,Dragon
614,Beartic,2.6,260,Ice,,50,50,70,Unova,95,130,80,70,80,50,505,60,Field,
615,Cryogonal,1.1,148,Ice,,0,0,70,Unova,80,50,50,95,135,105,515,25,Mineral,
617,Accelgor,0.8,25.3,Bug,,50,50,70,Unova,80,70,40,100,60,145,495,75,Bug,
618,Stunfisk,0.7,11,Ground,Electric,50,50,70,Unova,109,66,84,81,99,32,471,75,Water 1,Amorphous
618,Stunfisk-Galar,0.7,20.5,Ground,Steel,50,50,70,Galar,109,81,99,66,84,32,471,75,Water 1,Amorphous
620,Mienshao,1.4,35.5,Fighting,,50,50,70,Unova,65,125,60,95,60,105,510,45,Field,Human-Like
621,Druddigon,1.6,139,Dragon,,50,50,70,Unova,77,120,90,60,90,48,485,45,Dragon,Monster
623,Golurk,2.8,330,Ground,Ghost,0,0,70,Unova,89,124,80,55,80,55,483,90,Mineral,
625,Bisharp,1.6,70,Dark,Steel,50,50,35,Unova,65,125,100,60,70,70,490,45,Human-Like,
626,Bouffalant,1.6,94.5,Normal,,50,50,70,Unova,95,110,95,40,95,55,490,45,Field,
628,Braviary,1.5,41,Normal,Flying,100,0,70,Unova,100,123,75,57,75,80,510,60,Flying,
630,Mandibuzz,1.2,39.5,Dark,Flying,0,100,35,Unova,110,65,105,55,95,80,510,60,Flying,
631,Heatmor,1.4,58,Fire,,50,50,70,Unova,85,97,66,105,66,65,484,90,Field,
632,Durant,0.3,33,Bug,Steel,50,50,70,Unova,58,109,112,48,48,109,484,90,Bug,
635,Hydreigon,1.8,160,Dark,Dragon,50,50,35,Unova,92,105,90,125,90,98,600,45,Dragon,
637,Volcarona,1.6,46,Bug,Fire,50,50,70,Unova,85,60,65,135,105,100,550,15,Bug,
638,Cobalion,2.1,250,Steel,Fighting,0,0,35,Unova,91,90,129,90,72,108,580,3,Undiscovered,
639,Terrakion,1.9,260,Rock,Fighting,0,0,35,Unova,91,129,90,72,90,108,580,3,Undiscovered,
640,Virizion,2,200,Grass,Fighting,0,0,35,Unova,91,90,72,90,129,108,580,3,Undiscovered,
641,Tornadus,1.5,63,Flying,,100,0,90,Unova,79,115,70,125,80,111,580,3,Undiscovered,
641,Tornadus-Therian,1.5,63,Flying,,100,0,90,Unova,79,100,80,110,90,121,580,3,Undiscovered,
642,Thundurus,1.5,61,Electric,Flying,100,0,90,Unova,79,115,70,125,80,111,580,3,Undiscovered,
642,Thundurus-Therian,3,61,Electric,Flying,100,0,90,Unova,79,105,70,145,80,101,580,3,Undiscovered,
643,Reshiram,3.2,330,Dragon,Fire,0,0,0,Unova,100,120,100,150,120,90,680,3,Undiscovered,
644,Zekrom,2.9,345,Dragon,Electric,0,0,0,Unova,100,150,120,120,100,90,680,3,Undiscovered,
645,Landorus,1.5,68,Ground,Flying,100,0,90,Unova,89,125,90,115,80,101,600,3,Undiscovered,
645,Landorus-Therian,1.3,68,Ground,Flying,100,0,90,Unova,89,145,90,105,80,91,600,3,Undiscovered,
646,Kyurem,3,325,Dragon,Ice,0,0,0,Unova,125,130,90,130,90,95,660,3,Undiscovered,
646,Kyurem-White,3.6,325,Dragon,Ice,0,0,0,Unova,125,120,90,170,100,95,700,3,Undiscovered,
646,Kyurem-Black,3.3,325,Dragon,Ice,0,0,0,Unova,125,170,100,120,90,95,700,3,Undiscovered,
647,Keldeo,1.4,48.5,Water,Fighting,0,0,35,Unova,91,72,90,129,90,108,580,3,Undiscovered,
648,Meloetta,0.6,6.5,Normal,Psychic,0,0,100,Unova,100,77,77,128,128,90,600,3,Undiscovered,
648,Meloetta-Pirouette,0.6,6.5,Normal,Fighting,0,0,100,Unova,100,128,90,77,77,128,600,3,Undiscovered,
649,Genesect,1.5,82.5,Bug,Steel,0,0,0,Unova,71,120,95,120,95,99,600,3,Undiscovered,
652,Chesnaught,1.6,90,Grass,Fighting,87.5,12.5,70,Kalos,88,107,122,74,75,64,530,45,Field,
655,Delphox,1.5,39,Fire,Psychic,87.5,12.5,70,Kalos,75,69,72,114,100,104,534,45,Field,
658,Greninja,1.5,40,Water,Dark,87.5,12.5,70,Kalos,72,95,67,103,71,122,530,45,Water 1,
658,Greninja-Ash,1.5,40,Water,Dark,87.5,12.5,70,Alola,72,145,67,153,71,132,640,45,Water 1,
660,Diggersby,1,42.4,Normal,Ground,50,50,70,Kalos,85,56,77,50,77,78,423,127,Field,
663,Talonflame,1.2,24.5,Fire,Flying,50,50,70,Kalos,78,81,71,74,69,126,499,45,Flying,
666,Vivillon,1.2,17,Bug,Flying,50,50,70,Kalos,80,52,50,90,50,89,411,45,Bug,
668,Pyroar,1.5,81.5,Fire,Normal,12.5,87.5,70,Kalos,86,68,72,109,66,106,507,65,Field,
671,Florges,1.1,10,Fairy,,0,100,70,Kalos,78,65,68,112,154,75,552,45,Fairy,
673,Gogoat,1.7,91,Grass,,50,50,70,Kalos,123,100,62,97,81,68,531,45,Field,
675,Pangoro,2.1,136,Fighting,Dark,50,50,70,Kalos,95,124,78,69,71,58,495,65,Field,Human-Like
676,Furfrou,1.2,28,Normal,,50,50,70,Kalos,75,80,60,65,90,102,472,160,Field,
678,Meowstic,0.6,8.5,Psychic,,100,0,70,Kalos,74,48,76,83,81,104,466,75,Field,
678,Meowstic-Female,0.6,8.5,Psychic,,0,100,70,Kalos,74,48,76,83,81,104,466,75,Field,
681,Aegislash,1.7,53,Steel,Ghost,50,50,70,Kalos,60,50,140,50,140,60,500,45,Mineral,
681,Aegislash-Blade,1.7,53,Steel,Ghost,50,50,70,Kalos,60,140,50,140,50,60,500,45,Mineral,
683,Aromatisse,0.8,15.5,Fairy,,50,50,70,Kalos,101,72,72,99,89,29,462,140,Fairy,
685,Slurpuff,0.8,5,Fairy,,50,50,70,Kalos,82,80,86,85,75,72,480,140,Fairy,
687,Malamar,1.5,47,Dark,Psychic,50,50,70,Kalos,86,92,88,68,75,73,482,80,Water 1,Water 2
689,Barbaracle,1.3,96,Rock,Water,50,50,70,Kalos,72,105,115,54,86,68,500,45,Water 3,
691,Dragalge,1.8,81.5,Poison,Dragon,50,50,70,Kalos,65,75,90,97,123,44,494,55,Water 1,Dragon
693,Clawitzer,1.3,35.3,Water,,50,50,70,Kalos,71,73,88,120,89,59,500,55,Water 1,Water 3
695,Heliolisk,1,21,Electric,Normal,50,50,70,Kalos,62,55,52,109,94,109,481,75,Monster,Dragon
697,Tyrantrum,2.5,270,Rock,Dragon,87.5,12.5,70,Kalos,82,121,119,69,59,71,521,45,Monster,Dragon
699,Aurorus,2.7,225,Rock,Ice,87.5,12.5,70,Kalos,123,77,72,99,92,58,521,45,Monster,
700,Sylveon,1,23.5,Fairy,,87.5,12.5,70,Kalos,95,65,65,110,130,60,525,45,Field,
701,Hawlucha,0.8,21.5,Fighting,Flying,50,50,70,Kalos,78,92,75,74,63,118,500,100,Flying,Human-Like
702,Dedenne,0.2,2.2,Electric,Fairy,50,50,70,Kalos,67,58,57,81,67,101,431,180,Field,Fairy
703,Carbink,0.3,5.7,Rock,Fairy,0,0,70,Kalos,50,50,150,50,150,50,500,60,Fairy,Mineral
706,Goodra,2,150.5,Dragon,,50,50,35,Kalos,90,100,70,110,150,80,600,45,Dragon,
707,Klefki,0.2,3,Steel,Fairy,50,50,70,Kalos,57,80,91,80,87,75,470,75,Mineral,
709,Trevenant,1.5,71,Ghost,Grass,50,50,70,Kalos,85,110,76,65,82,56,474,60,Grass,Amorphous
711,Gourgeist,0.9,12.5,Ghost,Grass,50,50,70,Kalos,65,90,122,58,75,84,494,60,Amorphous,
711,Gourgeist-Small,0.7,9.5,Ghost,Grass,50,50,70,Kalos,55,85,122,58,75,99,494,60,Amorphous,
711,Gourgeist-Large,1.1,14,Ghost,Grass,50,50,70,Kalos,75,95,122,58,75,69,494,60,Amorphous,
711,Gourgeist-Super,1.7,39,Ghost,Grass,50,50,70,Kalos,85,100,122,58,75,54,494,60,Amorphous,
713,Avalugg,2,505,Ice,,50,50,70,Kalos,95,117,184,44,46,28,514,55,Monster,Mineral
715,Noivern,1.5,85,Flying,Dragon,50,50,70,Kalos,85,70,80,97,80,123,535,45,Flying,Dragon
716,Xerneas,3,215,Fairy,,0,0,0,Kalos,126,131,95,131,98,99,680,45,Undiscovered,
717,Yveltal,5.8,203,Dark,Flying,0,0,0,Kalos,126,131,95,131,98,99,680,45,Undiscovered,
718,Zygarde,5,305,Dragon,Ground,0,0,0,Kalos,108,100,121,81,95,95,600,3,Undiscovered,
718,Zygarde-0.1,1.2,33.5,Dragon,Ground,0,0,0,Alola,54,100,71,61,85,115,486,3,Undiscovered,
718,Zygarde-Complete,4.5,610,Dragon,Ground,0,0,0,Alola,216,100,121,91,95,85,708,3,Undiscovered,
719,Diancie,0.7,8.8,Rock,Fairy,0,0,70,Kalos,50,100,150,100,150,50,600,3,Undiscovered,
719,Diancie-Mega,1.1,27.8,Rock,Fairy,0,0,70,Kalos,50,160,110,160,110,110,700,3,Undiscovered,
720,Hoopa,0.5,9,Psychic,Ghost,0,0,100,Kalos,80,110,60,150,130,70,600,3,Undiscovered,
720,Hoopa-Unbound,6.5,490,Psychic,Dark,0,0,100,Kalos,80,160,60,170,130,80,680,3,Undiscovered,
721,Volcanion,1.7,195,Fire,Water,0,0,100,Kalos,80,110,120,130,90,70,600,3,Undiscovered,
724,Decidueye,1.6,36.6,Grass,Ghost,87.5,12.5,70,Alola,78,107,75,100,100,70,530,45,Flying,
727,Incineroar,1.8,83,Fire,Dark,87.5,12.5,70,Alola,95,115,90,80,90,60,530,45,Field,
730,Primarina,1.8,44,Water,Fairy,87.5,12.5,70,Alola,80,74,74,126,116,60,530,45,Water 1,Field
733,Toucannon,1.1,26,Normal,Flying,50,50,70,Alola,80,120,75,75,75,60,485,45,Flying,
735,Gumshoos,0.7,14.2,Normal,,50,50,70,Alola,88,110,60,55,60,45,418,127,Field,
738,Vikavolt,1.5,45,Bug,Electric,50,50,70,Alola,77,70,90,145,75,43,500,45,Bug,
740,Crabominable,1.7,180,Fighting,Ice,50,50,70,Alola,97,132,77,62,67,43,478,60,Water 3,
741,Oricorio,0.6,3.4,Fire,Flying,25,75,70,Alola,75,70,70,98,70,93,476,45,Flying,
741,Oricorio-Pom-Pom,0.6,3.4,Electric,Flying,25,75,70,Alola,75,70,70,98,70,93,476,45,Flying,
741,Oricorio-Pa'u,0.6,3.4,Psychic,Flying,25,75,70,Alola,75,70,70,98,70,93,476,45,Flying,
741,Oricorio-Sensu,0.6,3.4,Ghost,Flying,25,75,70,Alola,75,70,70,98,70,93,476,45,Flying,
743,Ribombee,0.2,0.5,Bug,Fairy,50,50,70,Alola,60,55,60,96,70,124,465,75,Bug,Fairy
745,Lycanroc,0.8,25,Rock,,50,50,70,Alola,75,115,65,55,65,112,487,90,Field,
745,Lycanroc-Midnight,1.1,25,Rock,,50,50,70,Alola,85,115,75,55,75,82,487,90,Field,
745,Lycanroc-Dusk,0.8,25,Rock,,50,50,70,Alola,75,117,65,55,65,110,487,90,Field,
746,Wishiwashi,0.2,0.3,Water,,50,50,70,Alola,45,20,20,25,25,40,175,60,Water 2,
746,Wishiwashi-School,8.2,78.6,Water,,50,50,70,Alola,45,140,130,140,135,30,620,60,Water 2,
748,Toxapex,0.7,14.5,Poison,Water,50,50,70,Alola,50,63,152,53,142,35,495,75,Water 1,
750,Mudsdale,2.5,920,Ground,,50,50,70,Alola,100,125,100,55,85,35,500,60,Field,
752,Araquanid,1.8,82,Water,Bug,50,50,70,Alola,68,70,92,50,132,42,454,100,Water 1,Bug
754,Lurantis,0.9,18.5,Grass,,50,50,70,Alola,70,105,90,80,90,45,480,75,Grass,
756,Shiinotic,1,11.5,Grass,Fairy,50,50,70,Alola,60,45,80,90,100,30,405,75,Grass,
758,Salazzle,1.2,22.2,Poison,Fire,0,100,70,Alola,68,64,60,111,60,117,480,45,Monster,Dragon
760,Bewear,2.1,135,Normal,Fighting,50,50,70,Alola,120,125,80,55,60,60,500,70,Field,
763,Tsareena,1.2,21.4,Grass,,0,100,70,Alola,72,120,98,50,98,72,510,45,Grass,
764,Comfey,0.1,0.3,Fairy,,25,75,70,Alola,51,52,90,82,110,100,485,60,Grass,
765,Oranguru,1.5,76,Normal,Psychic,50,50,70,Alola,90,60,80,90,110,60,490,45,Field,
766,Passimian,2,82.8,Fighting,,50,50,70,Alola,100,120,90,40,60,80,490,45,Field,
768,Golisopod,2,108,Bug,Water,50,50,70,Alola,75,125,140,60,90,40,530,45,Bug,Water 3
770,Palossand,1.3,250,Ghost,Ground,50,50,70,Alola,85,75,110,100,75,35,480,60,Amorphous,
771,Pyukumuku,0.3,1.2,Water,,50,50,70,Alola,55,60,130,30,130,5,410,60,Water 1,
773,Silvally,2.3,100.5,Normal,,0,0,0,Alola,95,95,95,95,95,95,570,3,Undiscovered,
774,Minior,0.3,40,Rock,Flying,0,0,70,Alola,60,60,100,60,100,60,440,30,Mineral,
774,Minior-Core,0.3,0.3,Rock,Flying,0,0,70,Alola,60,100,60,100,60,120,500,30,Mineral,
775,Komala,0.4,19.9,Normal,,50,50,70,Alola,65,115,65,75,95,65,480,45,Field,
776,Turtonator,2,212,Fire,Dragon,50,50,70,Alola,60,78,135,91,85,36,485,70,Monster,Dragon
777,Togedemaru,0.3,3.3,Electric,Steel,50,50,70,Alola,65,98,63,40,73,96,435,180,Field,Fairy
778,Mimikyu,0.2,0.7,Ghost,Fairy,50,50,70,Alola,55,90,80,50,105,96,476,45,Amorphous,
779,Bruxish,0.9,19,Water,Psychic,50,50,70,Alola,68,105,70,70,70,92,475,80,Water 2,
780,Drampa,3,185,Normal,Dragon,50,50,70,Alola,78,60,85,135,91,36,485,70,Monster,Dragon
781,Dhelmise,3.9,210,Ghost,Grass,0,0,70,Alola,70,131,100,86,90,40,517,25,Mineral,
784,Kommo-o,1.6,78.2,Dragon,Fighting,50,50,70,Alola,75,110,125,100,105,85,600,45,Dragon,
785,Tapu Koko,1.8,20.5,Electric,Fairy,0,0,70,Alola,70,115,85,95,75,130,570,3,Undiscovered,
786,Tapu Lele,1.2,18.6,Psychic,Fairy,0,0,70,Alola,70,85,75,130,115,95,570,3,Undiscovered,
787,Tapu Bulu,1.9,45.5,Grass,Fairy,0,0,70,Alola,70,130,115,85,95,75,570,3,Undiscovered,
788,Tapu Fini,1.3,21.2,Water,Fairy,0,0,70,Alola,70,75,115,95,130,85,570,3,Undiscovered,
791,Solgaleo,3.4,230,Psychic,Steel,0,0,0,Alola,137,137,107,113,89,97,680,45,Undiscovered,
792,Lunala,4,120,Psychic,Ghost,0,0,0,Alola,137,113,89,137,107,97,680,45,Undiscovered,
793,Nihilego,1.2,55.5,Rock,Poison,0,0,0,Alola,109,53,47,127,131,103,570,45,Undiscovered,
794,Buzzwole,2.4,333.6,Bug,Fighting,0,0,0,Alola,107,139,139,53,53,79,570,45,Undiscovered,
795,Pheromosa,1.8,25,Bug,Fighting,0,0,0,Alola,71,137,37,137,37,151,570,45,Undiscovered,
796,Xurkitree,3.8,100,Electric,,0,0,0,Alola,83,89,71,173,71,83,570,45,Undiscovered,
797,Celesteela,9.2,999.9,Steel,Flying,0,0,0,Alola,97,101,103,107,101,61,570,45,Undiscovered,
798,Kartana,0.3,0.1,Grass,Steel,0,0,0,Alola,59,181,131,59,31,109,570,45,Undiscovered,
799,Guzzlord,5.5,888,Dark,Dragon,0,0,0,Alola,223,101,53,97,53,43,570,45,Undiscovered,
800,Necrozma,2.4,230,Psychic,,0,0,0,Alola,97,107,101,127,89,79,600,255,Undiscovered,
800,Necrozma-Dusk Mane,3.8,460,Psychic,Steel,0,0,0,Alola,97,157,127,113,109,77,680,255,Undiscovered,
800,Necrozma-Dawn Wings,4.2,350,Psychic,Ghost,0,0,0,Alola,97,113,109,157,127,77,680,255,Undiscovered,
800,Necrozma-Ultra,7.5,230,Psychic,Dragon,0,0,0,Alola,97,167,97,167,97,129,754,255,Undiscovered,
801,Magearna,1,80.5,Steel,Fairy,0,0,0,Alola,80,95,115,130,115,65,600,3,Undiscovered,
802,Marshadow,0.7,22.2,Fighting,Ghost,0,0,0,Alola,90,125,80,90,90,125,600,3,Undiscovered,
804,Naganadel,3.6,150,Poison,Dragon,0,0,0,Alola,73,73,73,127,73,121,540,45,Undiscovered,
805,Stakataka,5.5,820,Rock,Steel,0,0,0,Alola,61,131,211,53,101,13,570,30,Undiscovered,
806,Blacephalon,1.8,13,Fire,Ghost,0,0,0,Alola,53,127,53,151,79,107,570,30,Undiscovered,
807,Zeraora,1.5,44.5,Electric,,0,0,0,Alola,88,112,75,102,80,143,600,3,Undiscovered,
809,Melmetal,2.5,800,Steel,,0,0,0,Alola,135,143,143,80,65,34,600,3,Undiscovered,
812,Rillaboom,2.1,90,Grass,,87.5,12.5,50,Galar,100,125,90,60,70,85,530,45,Field,Grass
815,Cinderace,1.4,33,Fire,,87.5,12.5,50,Galar,80,116,75,65,75,119,530,45,Field,Human-Like
818,Inteleon,1.9,45.2,Water,,87.5,12.5,50,Galar,70,85,65,125,65,120,530,45,Water 1,Field
820,Greedent,0.6,6,Normal,,50,50,50,Galar,120,95,95,55,75,20,460,90,Field,
823,Corviknight,2.2,75,Flying,Steel,50,50,50,Galar,98,87,105,53,85,67,495,45,Flying,
826,Orbeetle,0.4,40.8,Bug,Psychic,50,50,50,Galar,60,45,110,80,120,90,505,45,Bug,
828,Thievul,1.2,19.9,Dark,,50,50,50,Galar,70,58,58,87,92,90,455,127,Field,
830,Eldegoss,0.5,2.5,Grass,,50,50,50,Galar,60,50,90,80,120,60,460,75,Grass,
832,Dubwool,1.3,43,Normal,,50,50,50,Galar,72,80,100,60,90,88,490,127,Field,
834,Drednaw,1,115.5,Water,Rock,50,50,50,Galar,90,115,90,48,68,74,485,75,Monster,Water 1
836,Boltund,1,34,Electric,,50,50,50,Galar,69,90,60,90,60,121,490,45,Field,
839,Coalossal,2.8,310.5,Rock,Fire,50,50,50,Galar,110,80,120,80,90,30,510,45,Mineral,
841,Flapple,0.3,1,Grass,Ground,50,50,50,Galar,70,110,80,95,60,70,485,45,Grass,Dragon
842,Appletun,0.4,13,Grass,Dragon,50,50,50,Galar,110,85,80,100,80,30,485,45,Grass,Dragon
844,Sandaconda,3.8,65.5,Ground,,50,50,50,Galar,72,107,125,65,70,71,510,120,Field,Dragon
845,Cramorant,0.8,18,Flying,Water,50,50,50,Galar,70,85,55,85,95,85,475,45,Water 1,Flying
847,Barraskewda,1.3,30,Water,,50,50,50,Galar,61,123,60,60,50,136,490,60,Water 2,
849,Toxtricity,1.6,40,Electric,Poison,50,50,50,Galar,75,98,70,114,70,75,502,45,Human-Like,
849,Toxtricity-Low Key,1.6,40,Electric,Poison,50,50,50,Galar,75,98,70,114,70,75,502,45,Human-Like,
851,Centiskorch,3,120,Fire,Bug,50,50,50,Galar,100,115,65,90,90,65,525,75,Bug,
853,Grapploct,1.6,39,Fighting,,50,50,50,Galar,80,118,90,70,80,42,480,45,Water 1,Human-Like
855,Polteageist,0.2,0.4,Ghost,,0,0,50,Galar,60,65,65,134,114,70,508,60,Mineral,Amorphous
858,Hatterene,2.1,5.1,Psychic,Fairy,0,100,50,Galar,57,90,95,136,103,29,510,45,Fairy,
861,Grimmsnarl,1.5,61,Dark,Fairy,100,0,50,Galar,95,120,65,95,75,60,510,45,Fairy,Human-Like
862,Obstagoon,1.6,46,Dark,Normal,50,50,50,Galar,93,90,101,60,81,95,520,45,Field,
863,Perrserker,0.8,28,Steel,,50,50,50,Galar,70,110,100,50,60,50,440,90,Field,
864,Cursola,1,0.4,Ghost,,25,75,50,Galar,60,95,50,145,130,30,510,30,Water 1,Water 3
865,Sirfetch'd,0.8,117,Fighting,,50,50,50,Galar,62,135,95,68,82,65,507,45,Flying,Field
866,Mr. Rime,1.5,58.2,Ice,Psychic,50,50,50,Galar,80,85,75,110,100,70,520,45,Human-Like,
867,Runerigus,1.6,66.6,Ground,Ghost,50,50,50,Galar,58,95,145,50,105,30,483,90,Mineral,Amorphous
869,Alcremie,0.3,0.5,Fairy,,0,100,50,Galar,65,60,75,110,121,64,495,100,Fairy,Amorphous
870,Falinks,3,62,Fighting,,0,0,50,Galar,60,100,100,70,60,75,465,45,Fairy,Mineral
871,Pincurchin,0.3,1,Electric,,50,50,50,Galar,48,101,95,91,85,15,435,75,Water 1,Amorphous
873,Frosmoth,1.3,42,Ice,Bug,50,50,50,Galar,70,65,60,125,90,65,475,75,Bug,
874,Stonjourner,2.5,520,Rock,,50,50,50,Galar,100,125,135,20,20,70,470,60,Mineral,
875,Eiscue,1.4,89,Ice,,50,50,50,Galar,75,80,110,65,90,50,470,60,Water 1,Field
875,Eiscue-Noice,1.4,89,Ice,,50,50,50,Galar,75,80,70,65,50,130,470,60,Water 1,Field
876,Indeedee,0.9,28,Psychic,Normal,100,0,140,Galar,60,65,55,105,95,95,475,30,Fairy,
876,Indeedee-Female,0.9,28,Psychic,Normal,0,100,140,Galar,70,55,65,95,105,85,475,30,Fairy,
877,Morpeko,0.3,3,Electric,Dark,50,50,50,Galar,58,95,58,70,58,97,436,180,Field,Fairy
879,Copperajah,3,650,Steel,,50,50,50,Galar,122,130,69,80,69,30,500,90,Field,Mineral
880,Dracozolt,1.8,190,Electric,Dragon,0,0,50,Galar,90,100,90,80,70,75,505,45,Undiscovered,
881,Arctozolt,2.3,150,Electric,Ice,0,0,50,Galar,90,100,90,90,80,55,505,45,Undiscovered,
882,Dracovish,2.3,215,Water,Dragon,0,0,50,Galar,90,90,100,70,80,75,505,45,Undiscovered,
883,Arctovish,2,175,Water,Ice,0,0,50,Galar,90,90,100,80,90,55,505,45,Undiscovered,
884,Duraludon,1.8,40,Steel,Dragon,50,50,50,Galar,70,95,115,120,50,85,535,45,Mineral,Dragon
887,Dragapult,3,50,Dragon,Ghost,50,50,50,Galar,88,120,75,100,75,142,600,45,Amorphous,Dragon
888,Zacian,2.8,110,Fairy,,0,0,0,Galar,92,130,115,80,115,138,670,10,Undiscovered,
888,Zacian-Crowned,2.8,355,Fairy,Steel,0,0,0,Galar,92,170,115,80,115,148,720,10,Undiscovered,
889,Zamazenta,2.9,210,Fighting,,0,0,0,Galar,92,130,115,80,115,138,670,10,Undiscovered,
889,Zamazenta-Crowned,2.9,785,Fighting,Steel,0,0,0,Galar,92,130,145,80,145,128,720,10,Undiscovered,
890,Eternatus,20,950,Poison,Dragon,0,0,0,Galar,140,85,95,145,95,130,690,255,Undiscovered,